valor;base_origem;resultado;base_destino
12.625;10;1100.101;2
12.625;10;14.5;8
12.625;10;C.A;16
1101.101;2;13.625000;10
1101.101;2;15.5;8
1101.101;2;D.A;16
17.52;8;15.656250;10
17.52;8;001111.101010;2
17.52;8;0F.A8;16
1A.A;16;26.625000;10
1A.A;16;00011010.1010;2
1A.A;16;032.50;8
255;10;11111111;2
255;10;FF;16
11111111;2;255.000000;10
377;8;255.000000;10
FF;16;255.000000;10
0.101;2;0.625000;10
0.52;8;0.656250;10
0.F;16;0.937500;10
